/* TABELA: places */
INSERT INTO GuiaTuristico.places (id, name, placeID, category, location, city) VALUES (1, 'Igreja do Carmo', '1', 'Monumento','41.554186849999994 -8.425564314112549', 'Braga');
INSERT INTO GuiaTuristico.places (id, name, placeID, category, location, city) VALUES (2, 'Bom Jesus', '2', 'Monumento','41.55477585 -8.376944908792922', 'Braga');
INSERT INTO GuiaTuristico.places (id, name, placeID, category, location, city) VALUES (3, 'Sé Catedral de Braga', '3', 'Monumento','41.55000115 -8.426994750163198', 'Braga');
INSERT INTO GuiaTuristico.places (id, name, placeID, category, location, city) VALUES (4, 'Igreja dos Terceiros', '4', 'Monumento','41.55167805 -8.424466941185162', 'Braga');
INSERT INTO GuiaTuristico.places (id, name, placeID, category, location, city) VALUES (5, 'Parque da Ponte', '5', 'Parque','41.54201245 -8.4187894626297', 'Braga');
INSERT INTO GuiaTuristico.places (id, name, placeID, category, location, city) VALUES (6, 'Arco da Porta Nova', '6', 'Monumento','41.5502344 -8.429343', 'Braga');
INSERT INTO GuiaTuristico.places (id, name, placeID, category, location, city) VALUES (7, 'Campo da Rodovia', '7', 'Parque','41.5521128 -8.405527492111963', 'Braga');
INSERT INTO GuiaTuristico.places (id, name, placeID, category, location, city) VALUES (8, 'Jardim de Santa Bárbara', '8', 'Parque','41.551389099999994 -8.425902995873047', 'Braga');
INSERT INTO GuiaTuristico.places (id, name, placeID, category, location, city) VALUES (9, 'Museu dos Biscaínhos', '9', 'Museu','41.55119075 -8.42973893705529', 'Braga');
INSERT INTO GuiaTuristico.places (id, name, placeID, category, location, city) VALUES (10, 'Parque Radical', '10', 'Parque','41.5451936 -8.428740366231429', 'Braga');
INSERT INTO GuiaTuristico.places (id, name, placeID, category, location, city) VALUES (11, 'Miradouro do Picoto', '11', 'Parque','41.5377418 -8.4140567', 'Braga');
INSERT INTO GuiaTuristico.places (id, name, placeID, category, location, city) VALUES (12, 'Santuário de Nossa Senhora do Sameiro', '12', 'Monumento','41.54181555 -8.369536793607146', 'Braga');
INSERT INTO GuiaTuristico.places (id, name, placeID, category, location, city) VALUES (13, 'Praia Fluvial de Adaúfe', '13', 'Parque','41.6086694 -8.405193112746314', 'Braga');
INSERT INTO GuiaTuristico.places (id, name, placeID, category, location, city) VALUES (14, 'Mosteiro de São Martinho de Tibães', '14', 'Monumento','41.555307 -8.479382255458052', 'Braga');
INSERT INTO GuiaTuristico.places (id, name, placeID, category, location, city) VALUES (15, 'Castelo da Póvoa de Lanhoso', '15', 'Monumento','41.586932250000004 -8.281469795038168', 'Braga');
INSERT INTO GuiaTuristico.places (id, name, placeID, category, location, city) VALUES (16, 'Taberna Belga', '16', 'Restaurante','41.5632051 -8.4200983', 'Braga');
INSERT INTO GuiaTuristico.places (id, name, placeID, category, location, city) VALUES (17, 'Cervejaria Sagres', '17', 'Restaurante','41.5485617 -8.4098847', 'Braga');
INSERT INTO GuiaTuristico.places (id, name, placeID, category, location, city) VALUES (18, 'Marisqueira Braga', '18', 'Restaurante','41.5451769 -8.4196002', 'Braga');
INSERT INTO GuiaTuristico.places (id, name, placeID, category, location, city) VALUES (19, 'Michizaki', '19', 'Restaurante','41.5484316 -8.4282574', 'Braga');
INSERT INTO GuiaTuristico.places (id, name, placeID, category, location, city) VALUES (20, 'Tasco do Brito', '20', 'Restaurante','41.56861 -8.4354733', 'Braga');
INSERT INTO GuiaTuristico.places (id, name, placeID, category, location, city) VALUES (21, 'Forno Mágico', '21', 'Restaurante','41.5618126 -8.4444237', 'Braga');
INSERT INTO GuiaTuristico.places (id, name, placeID, category, location, city) VALUES (22, 'Restaurante Relento', '22', 'Restaurante','41.5523006 -8.4145382', 'Braga');
INSERT INTO GuiaTuristico.places (id, name, placeID, category, location, city) VALUES (23, 'Montalegrense', '23', 'Pastelaria','41.5581985 -8.3983292', 'Braga');
INSERT INTO GuiaTuristico.places (id, name, placeID, category, location, city) VALUES (24, 'Pastelaria Glorinha', '24', 'Pastelaria','41.561783 -8.4201169', 'Braga');
INSERT INTO GuiaTuristico.places (id, name, placeID, category, location, city) VALUES (25, 'Naco na Pedra', '25', 'Restaurante','41.5602697 -8.4060323', 'Braga');
INSERT INTO GuiaTuristico.places (id, name, placeID, category, location, city) VALUES (26, 'Museu Nogueira da Silva', '26', 'Museu','41.55261555 -8.421848558081951', 'Braga');
INSERT INTO GuiaTuristico.places (id, name, placeID, category, location, city) VALUES (27, 'Museu de Arquiologia Dom Diogo de Sousa', '27', 'Museu','41.5454942 -8.4275215', 'Braga');
INSERT INTO GuiaTuristico.places (id, name, placeID, category, location, city) VALUES (28, 'Museu da Imagem', '28', 'Museu','41.5502808 -8.4294229', 'Braga');
INSERT INTO GuiaTuristico.places (id, name, placeID, category, location, city) VALUES (29, 'Pastelaria Desejos', '29', 'Pastelaria','41.5052831 -8.4351611', 'Braga');
INSERT INTO GuiaTuristico.places (id, name, placeID, category, location, city) VALUES (30, 'Palácio do Raio', '30', 'Monumento','41.5483181 -8.422714080097997', 'Braga');

/* TABELA: users */
INSERT INTO GuiaTuristico.users (id, name, password, email, location) VALUES (1, 'Rui', 'user', 'rui@fakemail.com', 'Braga');
INSERT INTO GuiaTuristico.users (id, name, password, email, location) VALUES (2, 'Pedro', 'user', 'pedro@fakemail.com', 'Braga');
INSERT INTO GuiaTuristico.users (id, name, password, email, location) VALUES (3, 'Paula', 'user', 'paula@fakemail.com', 'Braga');
INSERT INTO GuiaTuristico.users (id, name, password, email, location) VALUES (4, 'Filipa', 'user', 'filipa@fakemail.com', 'Braga');
INSERT INTO GuiaTuristico.users (id, name, password, email, location) VALUES (5, 'Leonardo', 'user', 'leonardo@fakemail.com', 'Braga');
INSERT INTO GuiaTuristico.users (id, name, password, email, location) VALUES (6, 'Tiago', 'user', 'tiago@fakemail.com', 'Braga');
INSERT INTO GuiaTuristico.users (id, name, password, email, location) VALUES (7, 'Ana', 'user', 'ana@fakemail.com', 'Braga');
INSERT INTO GuiaTuristico.users (id, name, password, email, location) VALUES (8, 'Catarina', 'user', 'catarina@fakemail.com', 'Braga');
INSERT INTO GuiaTuristico.users (id, name, password, email, location) VALUES (9, 'Fernando', 'user', 'fernando@fakemail.com', 'Braga');
INSERT INTO GuiaTuristico.users (id, name, password, email, location) VALUES (10, 'Teresa', 'user', 'teresa@fakemail.com', 'Braga');

/* TABELA: plans */
INSERT INTO GuiaTuristico.plans (name, startTime, finishTime, city, users_id) VALUES ('Visita Igreja','2022-01-20 13:23:44', '2022-01-20 14:20:44', 'Braga' , 1);
INSERT INTO GuiaTuristico.plans (name, startTime, finishTime, city, users_id) VALUES ('Visita Parques','2022-01-19 13:23:44', '2022-01-20 14:20:44', 'Braga' , 2);
INSERT INTO GuiaTuristico.plans (name, startTime, finishTime, city, users_id) VALUES ('Visita Igreja','2022-01-15 10:23:44', '2022-01-16 15:20:44', 'Braga' , 3);
INSERT INTO GuiaTuristico.plans (name, startTime, finishTime, city, users_id) VALUES ('Visita Igreja','2022-01-13 11:24:44', '2022-01-13 12:20:44', 'Braga' , 4);
INSERT INTO GuiaTuristico.plans (name, startTime, finishTime, city, users_id) VALUES ('Roteiro Gastronómico','2022-01-09 10:14:44', '2022-01-10 20:20:44', 'Braga' , 5);

/* TABELA: reviews */
INSERT INTO GuiaTuristico.reviews (placeName, classification, text, users_id, places_id) VALUES ('Igreja do Carmo', '3.5', 'Muito bonito.', 1, 1);
INSERT INTO GuiaTuristico.reviews (placeName, classification, text, users_id, places_id) VALUES ('Parque da Ponte', '4.3', 'Bastante verde.', 2, 5);
INSERT INTO GuiaTuristico.reviews (placeName, classification, text, users_id, places_id) VALUES ('Forno Mágico', '3', 'Comida boa.', 1, 21);
INSERT INTO GuiaTuristico.reviews (placeName, classification, text, users_id, places_id) VALUES ('Pastelaria Desejos', '2', 'Razoável.', 2, 29);